,Model,Accuracy,F1-Score,Precision,Recall
0,VGG16 (Standart Split),0.9910300030931024,0.9910205515847256,0.9911226849955534,0.9910300030931024
